INSERT INTO Ciclo VALUES(01,'CICLO I 2018',TO_DATE('2018/02/08','YYYY-MM-DD'),TO_DATE('2018/06/28','YYYY-MM-DD'));
INSERT INTO Ciclo VALUES(02,'CICLO II 2018',TO_DATE('2018/07/12','YYYY-MM-DD'),TO_DATE('2018/11/26','YYYY-MM-DD'));
INSERT INTO Ciclo VALUES(03,'CICLO I 2019',TO_DATE('2019/02/08','YYYY-MM-DD'),TO_DATE('2019/06/28','YYYY-MM-DD'));
INSERT INTO Ciclo VALUES(04,'CICLO II 2019',TO_DATE('2019/07/12','YYYY-MM-DD'),TO_DATE('2019/11/26','YYYY-MM-DD'));

-- --------------------------------VETERIARIA----------------------------------
INSERT INTO Carrera VALUES(1,'Medicina Veterinaria','Licenciatura');

--PRIMER AÑO
INSERT INTO Curso VALUES(1,'Estudios Generales 1',3,3);
INSERT INTO Curso VALUES(2,'Estudios Generales 2',3,3);
INSERT INTO Curso VALUES(3,'Introduccion a la Quimica General',4,4);
INSERT INTO Curso VALUES(4,'Zoologia',3,3);
INSERT INTO Curso VALUES(5,'Ingles Tecnico',3,3);
INSERT INTO Curso VALUES(6,'Optativo',2,2);
INSERT INTO PlanEstudio VALUES(1,1,1,1);
INSERT INTO PlanEstudio VALUES(2,1,1,1);
INSERT INTO PlanEstudio VALUES(3,1,1,1);
INSERT INTO PlanEstudio VALUES(4,1,1,1);
INSERT INTO PlanEstudio VALUES(5,1,1,1);
INSERT INTO PlanEstudio VALUES(6,1,1,1);

INSERT INTO Curso VALUES(7,'Estudios Generales 3',3,3);
INSERT INTO Curso VALUES(8,'Estudios Generales 4',3,3);
INSERT INTO Curso VALUES(9,'Fundamentos de quimica organica',3,3);
INSERT INTO Curso VALUES(10,'Anatomia de los animales domesticos I',4,4);
INSERT INTO Curso VALUES(11,'Citologia e histologia general',3,3);
INSERT INTO Curso VALUES(12,'Optativo',2,2);
INSERT INTO PlanEstudio VALUES(7,1,1,2);
INSERT INTO PlanEstudio VALUES(8,1,1,2);
INSERT INTO PlanEstudio VALUES(9,1,1,2);
INSERT INTO PlanEstudio VALUES(10,1,1,2);
INSERT INTO PlanEstudio VALUES(11,1,1,2);
INSERT INTO PlanEstudio VALUES(12,1,1,2);

--SEGUNDO AÑO
INSERT INTO Curso VALUES(13,'Histologia especial y Embriologia',4,4);
INSERT INTO Curso VALUES(14,'Bioquimica general',5,5);
INSERT INTO Curso VALUES(15,'Estadistica medica',3,3);
INSERT INTO Curso VALUES(16,'Bioetica',2,2);
INSERT INTO Curso VALUES(17,'Anatomia de los animales domesticos II',4,4);
INSERT INTO PlanEstudio VALUES(13,1,2,1);
INSERT INTO PlanEstudio VALUES(14,1,2,1);
INSERT INTO PlanEstudio VALUES(15,1,2,1);
INSERT INTO PlanEstudio VALUES(16,1,2,1);
INSERT INTO PlanEstudio VALUES(17,1,2,1);

INSERT INTO Curso VALUES(18,'Biologia Celular',3,3);
INSERT INTO Curso VALUES(19,'Fisiologia animal I',5,5);
INSERT INTO Curso VALUES(20,'Genetica',3,3);
INSERT INTO Curso VALUES(21,'Produccion  animal sostenible I',3,3);
INSERT INTO Curso VALUES(22,'Nutricion animal I',3,3);
INSERT INTO PlanEstudio VALUES(18,1,2,2);
INSERT INTO PlanEstudio VALUES(19,1,2,2);
INSERT INTO PlanEstudio VALUES(20,1,2,2);
INSERT INTO PlanEstudio VALUES(21,1,2,2);
INSERT INTO PlanEstudio VALUES(22,1,2,2);

--TERCER AÑO 
INSERT INTO Curso VALUES(23,'Fisiologia animal II',5,5);
INSERT INTO Curso VALUES(24,'Produccion animal sostenible II',3,3);
INSERT INTO Curso VALUES(25,'Nutricion  animal II',3,3);
INSERT INTO Curso VALUES(26,'Inmunologia y Microbiologia',4,4);
INSERT INTO Curso VALUES(27,'Optativo',2,2);
INSERT INTO PlanEstudio VALUES(23,1,3,1);
INSERT INTO PlanEstudio VALUES(24,1,3,1);
INSERT INTO PlanEstudio VALUES(25,1,3,1);
INSERT INTO PlanEstudio VALUES(26,1,3,1);
INSERT INTO PlanEstudio VALUES(27,1,3,1);

INSERT INTO Curso VALUES(28,'Patologia General',4,4);
INSERT INTO Curso VALUES(29,'Microbiologia e Infectologia',5,5);
INSERT INTO Curso VALUES(30,'Parasitologia y Enfermedades Parasitarias I',3,3);
INSERT INTO Curso VALUES(31,'Farmacologia y terapeutica I',3,3);
INSERT INTO Curso VALUES(32,'Analisis Clinicos',3,3);
INSERT INTO PlanEstudio VALUES(28,1,3,2);
INSERT INTO PlanEstudio VALUES(29,1,3,2);
INSERT INTO PlanEstudio VALUES(30,1,3,2);
INSERT INTO PlanEstudio VALUES(31,1,3,2);
INSERT INTO PlanEstudio VALUES(32,1,3,2);

--CUARTO AÑO 
INSERT INTO Curso VALUES(33,'Patologia Especial',5,5);
INSERT INTO Curso VALUES(34,'Parasitologia y Enfermedades Parasitarias II',3,3);
INSERT INTO Curso VALUES(35,'Farmacologia y terapeutica II',4,4);
INSERT INTO Curso VALUES(36,'Clinica  propedeutica de especies mayores',3,3);
INSERT INTO Curso VALUES(37,'Clinica  propedeutica de especies menores',3,3);
INSERT INTO PlanEstudio VALUES(33,1,4,1);
INSERT INTO PlanEstudio VALUES(34,1,4,1);
INSERT INTO PlanEstudio VALUES(35,1,4,1);
INSERT INTO PlanEstudio VALUES(36,1,4,1);
INSERT INTO PlanEstudio VALUES(37,1,4,1);

INSERT INTO Curso VALUES(38,'Toxicologia',3,3);
INSERT INTO Curso VALUES(39,'Medicina interna de especies mayores I',3,3);
INSERT INTO Curso VALUES(40,'Obstetricia',3,3);
INSERT INTO Curso VALUES(41,'Andrologia',3,3);
INSERT INTO Curso VALUES(42,'Inspeccióo e higiene de los alimentos I',3,3);
INSERT INTO Curso VALUES(43,'Enfermedades de las aves de produccion',3,3);
INSERT INTO PlanEstudio VALUES(38,1,4,2);
INSERT INTO PlanEstudio VALUES(39,1,4,2);
INSERT INTO PlanEstudio VALUES(40,1,4,2);
INSERT INTO PlanEstudio VALUES(41,1,4,2);
INSERT INTO PlanEstudio VALUES(42,1,4,2);
INSERT INTO PlanEstudio VALUES(43,1,4,2);

--QUINTO AÑO 
INSERT INTO Curso VALUES(44,'Ginecologia',3,3);
INSERT INTO Curso VALUES(45,'Medicina interna de especies mayores II',3,3);
INSERT INTO Curso VALUES(46,'Inspeccion e higiene de los alimentos II',3,3);
INSERT INTO Curso VALUES(47,'Propedeutica quirurgica y diagnostico',3,3);
INSERT INTO Curso VALUES(48,'Medicina interna de especies menores',3,3);
INSERT INTO Curso VALUES(49,'Optativo',3,3);
INSERT INTO PlanEstudio VALUES(44,1,5,1);
INSERT INTO PlanEstudio VALUES(45,1,5,1);
INSERT INTO PlanEstudio VALUES(46,1,5,1);
INSERT INTO PlanEstudio VALUES(47,1,5,1);
INSERT INTO PlanEstudio VALUES(48,1,5,1);
INSERT INTO PlanEstudio VALUES(49,1,5,1);

INSERT INTO Curso VALUES(50,'Cirugia de especies mayores',3,3);
INSERT INTO Curso VALUES(51,'Cirugia de especies menores',3,3);
INSERT INTO Curso VALUES(52,'Salud de hato',3,3);
INSERT INTO Curso VALUES(53,'Epidemiologia y salud pública veterinaria',3,3);
INSERT INTO Curso VALUES(54,'Manejo y medicina de animales silvestres',3,3);
INSERT INTO Curso VALUES(55,'Optativo',3,3);
INSERT INTO PlanEstudio VALUES(50,1,5,2);
INSERT INTO PlanEstudio VALUES(51,1,5,2);
INSERT INTO PlanEstudio VALUES(52,1,5,2);
INSERT INTO PlanEstudio VALUES(53,1,5,2);
INSERT INTO PlanEstudio VALUES(54,1,5,2);
INSERT INTO PlanEstudio VALUES(55,1,5,2);

--SEXTO AÑO
INSERT INTO Curso VALUES(56,'Internado Rotatorio I*',15,15);
INSERT INTO Curso VALUES(57,'Internado Rotatorio II*',15,15);
INSERT INTO Curso VALUES(58,'Trabajo Final de Graduacion',0,0);
INSERT INTO PlanEstudio VALUES(56,1,6,1);
INSERT INTO PlanEstudio VALUES(57,1,6,2);
INSERT INTO PlanEstudio VALUES(58,1,6,2);

-- --------------------Ingeniería em Sistemas----------------------
INSERT INTO Carrera VALUES(2,'Ingenieria en Sistemas','Bachillerato');
-- ----PRIMER AÑO
INSERT INTO Curso VALUES(59,'Fundamentos de Informatica',3,3);
INSERT INTO Curso VALUES(60,'Matemática para Informatica I',4,4);
INSERT INTO Curso VALUES(61,'Arte',3,3);
INSERT INTO Curso VALUES(62,'Cambio Climatico',3,3);
INSERT INTO Curso VALUES(63,'Ingles Integrado I',4,4);
INSERT INTO PlanEstudio VALUES(59,2,1,1);
INSERT INTO PlanEstudio VALUES(60,2,1,1);
INSERT INTO PlanEstudio VALUES(61,2,1,1);
INSERT INTO PlanEstudio VALUES(62,2,1,1);
INSERT INTO PlanEstudio VALUES(63,2,1,1);

INSERT INTO Curso VALUES(64,'Programacion I',4,4);
INSERT INTO Curso VALUES(65,'Calculo I',4,4);
INSERT INTO Curso VALUES(66,'Globalizacion ',3,3);
INSERT INTO Curso VALUES(67,'Apreciacion del arte',3,3);
INSERT INTO Curso VALUES(68,'Ingles Integrado II',4,4);
INSERT INTO PlanEstudio VALUES(64,2,1,2);
INSERT INTO PlanEstudio VALUES(65,2,1,2);
INSERT INTO PlanEstudio VALUES(66,2,1,2);
INSERT INTO PlanEstudio VALUES(67,2,1,2);
INSERT INTO PlanEstudio VALUES(68,2,1,2);

-- -------------SEGUNDO AÑO------------------------------
INSERT INTO Curso VALUES(69,'Programacion II',4,4);
INSERT INTO Curso VALUES(70,'Algebra',4,4);
INSERT INTO Curso VALUES(71,'Soporte Tecnico',3,3);
INSERT INTO Curso VALUES(72,'Estructuras Discretas para Informatica',3,3);
INSERT INTO Curso VALUES(73,'Ingles Integrado III',4,4);
INSERT INTO PlanEstudio VALUES(69,2,2,1);
INSERT INTO PlanEstudio VALUES(70,2,2,1);
INSERT INTO PlanEstudio VALUES(71,2,2,1);
INSERT INTO PlanEstudio VALUES(72,2,2,1);
INSERT INTO PlanEstudio VALUES(73,2,2,1);

INSERT INTO Curso VALUES(74,'Programacion III',4,4);
INSERT INTO Curso VALUES(75,'Estructuras de Datos',4,4);
INSERT INTO Curso VALUES(76,'Arquitectura de Computadoras',3,3);
INSERT INTO Curso VALUES(77,'La Organización y su Entorno',3,3);
INSERT INTO Curso VALUES(78,'Probabilidad y Estadistica',3,3);
INSERT INTO PlanEstudio VALUES(74,2,2,2);
INSERT INTO PlanEstudio VALUES(75,2,2,2);
INSERT INTO PlanEstudio VALUES(76,2,2,2);
INSERT INTO PlanEstudio VALUES(77,2,2,2);
INSERT INTO PlanEstudio VALUES(78,2,2,2);

-- -------------TERCER AÑO------------------------------
INSERT INTO Curso VALUES(79,'Programacion IV',4,4);
INSERT INTO Curso VALUES(80,'Ingenieria de Sistemas  I',4,4);
INSERT INTO Curso VALUES(81,'Diseño e Implementacion de Bases de Dato',4,4);
INSERT INTO Curso VALUES(82,'Sistemas Operativos',3,3);
INSERT INTO Curso VALUES(83,'Comunicaciones y Redes de Computadores',3,3);
INSERT INTO PlanEstudio VALUES(79,2,3,1);
INSERT INTO PlanEstudio VALUES(80,2,3,1);
INSERT INTO PlanEstudio VALUES(81,2,3,1);
INSERT INTO PlanEstudio VALUES(82,2,3,1);
INSERT INTO PlanEstudio VALUES(83,2,3,1);

INSERT INTO Curso VALUES(84,'Paradigmas de Programacion',4,4);
INSERT INTO Curso VALUES(85,'Ingenieria en Sistemas II',4,4);
INSERT INTO Curso VALUES(86,'Administracion de Bases de Datos',4,4);
INSERT INTO Curso VALUES(87,'Investigacion de Operaciones y sus Aplicaciones',3,3);
INSERT INTO Curso VALUES(88,'Liderazgo y Organizacion',3,3);
INSERT INTO PlanEstudio VALUES(84,2,5,2);
INSERT INTO PlanEstudio VALUES(85,2,5,2);
INSERT INTO PlanEstudio VALUES(86,2,5,2);
INSERT INTO PlanEstudio VALUES(87,2,5,2);
INSERT INTO PlanEstudio VALUES(88,2,5,2);

-- -------------CUARTO AÑO------------------------------
INSERT INTO Curso VALUES(89,'Diseño y programación de plataformas Moviles',4,4);
INSERT INTO Curso VALUES(90,'Ingenieria de Sistemas  III',4,4);
INSERT INTO Curso VALUES(91,'Optativo 1 ',3,3);
INSERT INTO Curso VALUES(92,'Optativo 2 ',3,3);
INSERT INTO Curso VALUES(93,'Met Inv Cientifica en Informatica',3,3);
INSERT INTO PlanEstudio VALUES(89,2,4,1);
INSERT INTO PlanEstudio VALUES(90,2,4,1);
INSERT INTO PlanEstudio VALUES(91,2,4,1);
INSERT INTO PlanEstudio VALUES(92,2,4,1);
INSERT INTO PlanEstudio VALUES(93,2,4,1);

INSERT INTO Curso VALUES(94,'Proyectos y su Aplicacion en la Organizacion(PPS)',5,5);
INSERT INTO Curso VALUES(95,'Aplicaciones Informaticas Globales',4,4);
INSERT INTO Curso VALUES(96,'Optativo 3',3,3);
INSERT INTO Curso VALUES(97,'Optativo 4',3,3);
INSERT INTO Curso VALUES(98,'Informatica y Sociedad',2,2);
INSERT INTO PlanEstudio VALUES(94,2,4,2);
INSERT INTO PlanEstudio VALUES(95,2,4,2);
INSERT INTO PlanEstudio VALUES(96,2,4,2);
INSERT INTO PlanEstudio VALUES(97,2,4,2);
INSERT INTO PlanEstudio VALUES(98,2,4,2);

INSERT INTO Carrera VALUES(3,'Administracion','Bachillerato');
INSERT INTO Curso VALUES(99,'Finanza Empresariales',2,2);
INSERT INTO Curso VALUES(100,'Desarrollo Socioeconomico de Costa Rica',2,2);
INSERT INTO Curso VALUES(101,'Paradigmas Administrativos',4,4);
INSERT INTO Curso VALUES(102,'Derecho Administrativo',2,2);
INSERT INTO Curso VALUES(103,'Administracion de Recursos Humanos I',4,4);
INSERT INTO Curso VALUES(104,'Derecho Laboral',2,2);
INSERT INTO Curso VALUES(105,'Contabilidad Avanzada',4,4);
INSERT INTO Curso VALUES(106,'Microeconomia',2,2);
INSERT INTO Curso VALUES(107,'Analisis de Procesos Administrativos',4,4);
INSERT INTO Curso VALUES(108,'Derecho Empresarial',2,2);
INSERT INTO Curso VALUES(109,'Administracion Bursátil',2,2);
INSERT INTO Curso VALUES(110,'Elaboracion y Evaluación de Proyectos',4,4);
INSERT INTO Curso VALUES(111,'Investigacion de Mercados',2,2);

-- PROFESORES
INSERT INTO Profesor VALUES (1763589,'Juan Perez',35,87656789,'juanp@gmail.com');
INSERT INTO Profesor VALUES (6543789,'Margarita Gomez',31,76427896,'margaritag@gmail.com');
INSERT INTO Profesor VALUES (7648903,'Lucresia Ramirez',52,86345678,'lucresiar@gmail.com');
INSERT INTO Profesor VALUES (2789456,'Pablo Lopez',57,89345678,'pablol@gmail.com');

INSERT INTO Usuario VALUES(1763589,'1234','Profesor');
INSERT INTO Usuario VALUES(6543789,'1234','Profesor');
INSERT INTO Usuario VALUES(7648903,'1234','Profesor');
INSERT INTO Usuario VALUES(2789456,'1234','Profesor');

-- ALUMNOS
INSERT INTO Alumno VALUES(4678936,'Edgar Trigeros Arias','08/07/1997',22,'edgarta@gmail.com');
INSERT INTO Alumno VALUES(8362398,'Mirella Martinez','15/04/1995',24,'mirellam@gmail.com');
INSERT INTO Alumno VALUES(9859859,'Lourdes Ramirez','04/04/1997',22,'lourdes@gmail.com');
INSERT INTO Alumno VALUES(4564665,'María Jose Soto','04/04/1997',22,'mariasoto@gmail.com');
INSERT INTO Alumno VALUES(4465656,'Kimberly Hernandez Arce','04/04/1997',22,'kimher@gmail.com');
INSERT INTO Alumno VALUES(5675656,'Jennifer Hernandez Arce','04/04/1997',22,'jenniher@gmail.com');
INSERT INTO Alumno VALUES(9879586,'Karol Hernandez Arce','04/04/1997',22,'karolher@gmail.com');
INSERT INTO Alumno VALUES(4546956,'Estefany Hernandez Arce','04/04/1997',22,'estefanyher@gmail.com');
INSERT INTO Alumno VALUES(4666666,'Walter Ramirez Suniga','04/04/1997',22,'walR@gmail.com');
INSERT INTO Alumno VALUES(8096809,'Lukas Mora','04/04/1997',22,'lukasM@gmail.com');
INSERT INTO Alumno VALUES(8459867,'Marco Perez','04/04/1997',22,'marcoP@gmail.com');
INSERT INTO Alumno VALUES(4564645,'Jorge Alvarado','04/04/1997',22,'jorgeA@gmail.com');
INSERT INTO Alumno VALUES(6456456,'Geisel Alvarado','04/04/1997',22,'geiselAlv@gmail.com');
INSERT INTO Alumno VALUES(3534535,'Maria Jesus Lopez Martinez','04/04/1997',22,'mariajesusm@gmail.com');
INSERT INTO Alumno VALUES(6757576,'Mirella Gomez Lopez','04/04/1997',22,'mirellagomez@gmail.com');
INSERT INTO Alumno VALUES(4343453,'Zoe Montero Hernandez','04/04/1997',22,'zoemontero@gmail.com');

INSERT INTO Usuario VALUES(4678936,'1234','Alumno');
INSERT INTO Usuario VALUES(8362398,'1234','Alumno');
INSERT INTO Usuario VALUES(9859859,'1234','Alumno');
INSERT INTO Usuario VALUES(4564665,'1234','Alumno');
INSERT INTO Usuario VALUES(4465656,'1234','Alumno');
INSERT INTO Usuario VALUES(5675656,'1234','Alumno');
INSERT INTO Usuario VALUES(9879586,'1234','Alumno');
INSERT INTO Usuario VALUES(4546956,'1234','Alumno');
INSERT INTO Usuario VALUES(4666666,'1234','Alumno');
INSERT INTO Usuario VALUES(8096809,'1234','Alumno');
INSERT INTO Usuario VALUES(8459867,'1234','Alumno');
INSERT INTO Usuario VALUES(4564645,'1234','Alumno');
INSERT INTO Usuario VALUES(6456456,'1234','Alumno');
INSERT INTO Usuario VALUES(3534535,'1234','Alumno');
INSERT INTO Usuario VALUES(6757576,'1234','Alumno');
INSERT INTO Usuario VALUES(4343453,'1234','Alumno');



INSERT INTO Grupo VALUES(1,1,25,'L-V 8:00AM-10:40AM',1763589,01);
INSERT INTO Grupo VALUES(1,2,25,'L-V 8:00AM-10:40AM',1763589,01);
INSERT INTO Grupo VALUES(1,3,25,'L-V 8:00AM-10:40AM',1763589,01);
INSERT INTO Grupo VALUES(1,4,25,'L-V 8:00AM-10:40AM',1763589,01);
INSERT INTO Grupo VALUES(1,5,25,'L-V 8:00AM-10:40AM',1763589,01);
INSERT INTO Grupo VALUES(1,6,25,'L-V 8:00AM-10:40AM',1763589,02);
INSERT INTO Grupo VALUES(1,7,25,'L-V 8:00AM-10:40AM',1763589,02);
INSERT INTO Grupo VALUES(1,8,25,'L-V 8:00AM-10:40AM',6543789,02);
INSERT INTO Grupo VALUES(1,9,25,'L-V 8:00AM-10:40AM',6543789,02);
INSERT INTO Grupo VALUES(1,10,25,'L-V 8:00AM-10:40AM',6543789,02);
INSERT INTO Grupo VALUES(1,20,25,'L-V 8:00AM-10:40AM',6543789,01);
INSERT INTO Grupo VALUES(1,20,25,'L-V 8:00AM-10:40AM',6543789,01);
INSERT INTO Grupo VALUES(1,21,25,'L-V 8:00AM-10:40AM',6543789,01);
INSERT INTO Grupo VALUES(1,22,25,'L-V 8:00AM-10:40AM',6543789,01);
INSERT INTO Grupo VALUES(1,23,25,'L-V 8:00AM-10:40AM',6543789,01);
INSERT INTO Grupo VALUES(1,24,25,'L-V 8:00AM-10:40AM',6543789,01);
INSERT INTO Grupo VALUES(1,25,25,'L-V 8:00AM-10:40AM',6543789,02);
INSERT INTO Grupo VALUES(1,30,25,'L-V 8:00AM-10:40AM',7648903,02);
INSERT INTO Grupo VALUES(1,31,25,'L-V 8:00AM-10:40AM',7648903,02);
INSERT INTO Grupo VALUES(1,32,25,'L-V 8:00AM-10:40AM',7648903,02);
INSERT INTO Grupo VALUES(1,33,25,'L-V 8:00AM-10:40AM',7648903,02);
INSERT INTO Grupo VALUES(1,34,25,'L-V 8:00AM-10:40AM',7648903,01);
INSERT INTO Grupo VALUES(1,35,25,'L-V 8:00AM-10:40AM',7648903,01);
INSERT INTO Grupo VALUES(1,40,25,'L-V 8:00AM-10:40AM',7648903,01);
INSERT INTO Grupo VALUES(1,41,25,'L-V 8:00AM-10:40AM',7648903,01);
INSERT INTO Grupo VALUES(1,42,25,'L-V 8:00AM-10:40AM',7648903,01);
INSERT INTO Grupo VALUES(1,43,25,'L-V 8:00AM-10:40AM',7648903,02);
INSERT INTO Grupo VALUES(1,44,25,'L-V 8:00AM-10:40AM',7648903,02);
INSERT INTO Grupo VALUES(1,45,25,'L-V 8:00AM-10:40AM',7648903,02);
INSERT INTO Grupo VALUES(1,50,25,'L-V 8:00AM-10:40AM',7648903,02);
INSERT INTO Grupo VALUES(1,51,25,'L-V 8:00AM-10:40AM',2789456,02);
INSERT INTO Grupo VALUES(1,51,25,'L-V 8:00AM-10:40AM',2789456,02);
INSERT INTO Grupo VALUES(1,52,25,'L-V 8:00AM-10:40AM',2789456,01);
INSERT INTO Grupo VALUES(1,53,25,'L-V 8:00AM-10:40AM',2789456,01);
INSERT INTO Grupo VALUES(1,54,25,'L-V 8:00AM-10:40AM',2789456,01);
INSERT INTO Grupo VALUES(1,55,25,'L-V 8:00AM-10:40AM',2789456,01);
INSERT INTO Grupo VALUES(1,60,25,'L-V 8:00AM-10:40AM',2789456,01);
INSERT INTO Grupo VALUES(1,61,25,'L-V 8:00AM-10:40AM',2789456,02);
INSERT INTO Grupo VALUES(1,62,25,'L-V 8:00AM-10:40AM',2789456,02);
INSERT INTO Grupo VALUES(1,64,25,'L-V 8:00AM-10:40AM',1763589,02);
INSERT INTO Grupo VALUES(1,65,25,'L-V 8:00AM-10:40AM',1763589,02);
INSERT INTO Grupo VALUES(1,70,25,'L-V 8:00AM-10:40AM',6543789,02);
INSERT INTO Grupo VALUES(1,71,25,'L-V 8:00AM-10:40AM',6543789,01);
INSERT INTO Grupo VALUES(1,73,25,'L-V 8:00AM-10:40AM',7648903,01);
INSERT INTO Grupo VALUES(1,74,25,'L-V 8:00AM-10:40AM',7648903,01);
INSERT INTO Grupo VALUES(1,75,25,'L-V 8:00AM-10:40AM',2789456,01);
INSERT INTO Grupo VALUES(1,76,25,'L-V 8:00AM-10:40AM',2789456,01);
INSERT INTO Grupo VALUES(1,77,25,'L-V 8:00AM-10:40AM',7648903,02);
INSERT INTO Grupo VALUES(1,78,25,'L-V 8:00AM-10:40AM',7648903,02);
INSERT INTO Grupo VALUES(1,78,25,'L-V 8:00AM-10:40AM',7648903,02);
INSERT INTO Grupo VALUES(1,79,25,'L-V 8:00AM-10:40AM',7648903,02);
INSERT INTO Grupo VALUES(1,80,25,'L-V 8:00AM-10:40AM',7648903,02);
INSERT INTO Grupo VALUES(1,81,25,'L-V 8:00AM-10:40AM',7648903,02);
INSERT INTO Grupo VALUES(1,82,25,'L-V 8:00AM-10:40AM',7648903,01);
INSERT INTO Grupo VALUES(1,83,25,'L-V 8:00AM-10:40AM',2789456,01);
INSERT INTO Grupo VALUES(1,84,25,'L-V 8:00AM-10:40AM',2789456,01);
INSERT INTO Grupo VALUES(1,85,25,'L-V 8:00AM-10:40AM',2789456,01);
INSERT INTO Grupo VALUES(1,86,25,'L-V 8:00AM-10:40AM',2789456,01);
INSERT INTO Grupo VALUES(1,87,25,'L-V 8:00AM-10:40AM',2789456,02);
INSERT INTO Grupo VALUES(1,88,25,'L-V 8:00AM-10:40AM',1763589,02);
INSERT INTO Grupo VALUES(1,89,25,'L-V 8:00AM-10:40AM',1763589,02);
INSERT INTO Grupo VALUES(1,90,25,'L-V 8:00AM-10:40AM',1763589,02);
INSERT INTO Grupo VALUES(1,91,25,'L-V 8:00AM-10:40AM',1763589,02);
INSERT INTO Grupo VALUES(1,92,25,'L-V 8:00AM-10:40AM',1763589,01);
INSERT INTO Grupo VALUES(1,93,25,'L-V 8:00AM-10:40AM',6543789,01);
INSERT INTO Grupo VALUES(1,94,25,'L-V 8:00AM-10:40AM',6543789,01);
INSERT INTO Grupo VALUES(1,95,25,'L-V 8:00AM-10:40AM',6543789,01);
INSERT INTO Grupo VALUES(1,96,25,'L-V 8:00AM-10:40AM',6543789,01);
INSERT INTO Grupo VALUES(1,97,25,'L-V 8:00AM-10:40AM',6543789,02);
INSERT INTO Grupo VALUES(1,98,25,'L-V 8:00AM-10:40AM',6543789,02);
INSERT INTO Grupo VALUES(2,1,25,'L-V 8:00AM-10:40AM',1763589,01);
INSERT INTO Grupo VALUES(2,2,25,'L-V 8:00AM-10:40AM',1763589,01);
INSERT INTO Grupo VALUES(2,3,25,'L-V 8:00AM-10:40AM',1763589,01);
INSERT INTO Grupo VALUES(2,4,25,'L-V 8:00AM-10:40AM',1763589,01);
INSERT INTO Grupo VALUES(2,5,25,'L-V 8:00AM-10:40AM',1763589,01);
INSERT INTO Grupo VALUES(2,6,25,'L-V 8:00AM-10:40AM',1763589,02);
INSERT INTO Grupo VALUES(2,7,25,'L-V 8:00AM-10:40AM',1763589,02);
INSERT INTO Grupo VALUES(2,8,25,'L-V 8:00AM-10:40AM',6543789,02);
INSERT INTO Grupo VALUES(2,9,25,'L-V 8:00AM-10:40AM',6543789,02);
INSERT INTO Grupo VALUES(2,10,25,'L-V 8:00AM-10:40AM',6543789,02);
INSERT INTO Grupo VALUES(2,20,25,'L-V 8:00AM-10:40AM',6543789,01);
INSERT INTO Grupo VALUES(2,20,25,'L-V 8:00AM-10:40AM',6543789,01);
INSERT INTO Grupo VALUES(2,21,25,'L-V 8:00AM-10:40AM',6543789,01);
INSERT INTO Grupo VALUES(2,22,25,'L-V 8:00AM-10:40AM',6543789,01);
INSERT INTO Grupo VALUES(2,23,25,'L-V 8:00AM-10:40AM',6543789,01);
INSERT INTO Grupo VALUES(2,24,25,'L-V 8:00AM-10:40AM',6543789,01);
INSERT INTO Grupo VALUES(2,25,25,'L-V 8:00AM-10:40AM',6543789,02);
INSERT INTO Grupo VALUES(2,30,25,'L-V 8:00AM-10:40AM',7648903,02);
INSERT INTO Grupo VALUES(2,31,25,'L-V 8:00AM-10:40AM',7648903,02);
INSERT INTO Grupo VALUES(2,32,25,'L-V 8:00AM-10:40AM',7648903,02);
INSERT INTO Grupo VALUES(2,33,25,'L-V 8:00AM-10:40AM',7648903,02);
INSERT INTO Grupo VALUES(2,34,25,'L-V 8:00AM-10:40AM',7648903,01);
INSERT INTO Grupo VALUES(2,35,25,'L-V 8:00AM-10:40AM',7648903,01);
INSERT INTO Grupo VALUES(2,40,25,'L-V 8:00AM-10:40AM',7648903,01);
INSERT INTO Grupo VALUES(2,41,25,'L-V 8:00AM-10:40AM',7648903,01);
INSERT INTO Grupo VALUES(2,42,25,'L-V 8:00AM-10:40AM',7648903,01);
INSERT INTO Grupo VALUES(2,43,25,'L-V 8:00AM-10:40AM',7648903,02);
INSERT INTO Grupo VALUES(2,44,25,'L-V 8:00AM-10:40AM',7648903,02);
INSERT INTO Grupo VALUES(2,45,25,'L-V 8:00AM-10:40AM',7648903,02);
INSERT INTO Grupo VALUES(2,50,25,'L-V 8:00AM-10:40AM',7648903,02);
INSERT INTO Grupo VALUES(2,51,25,'L-V 8:00AM-10:40AM',2789456,02);
INSERT INTO Grupo VALUES(2,51,25,'L-V 8:00AM-10:40AM',2789456,02);
INSERT INTO Grupo VALUES(2,52,25,'L-V 8:00AM-10:40AM',2789456,01);
INSERT INTO Grupo VALUES(2,53,25,'L-V 8:00AM-10:40AM',2789456,01);
INSERT INTO Grupo VALUES(2,54,25,'L-V 8:00AM-10:40AM',2789456,01);
INSERT INTO Grupo VALUES(2,55,25,'L-V 8:00AM-10:40AM',2789456,01);
INSERT INTO Grupo VALUES(2,60,25,'L-V 8:00AM-10:40AM',2789456,01);
INSERT INTO Grupo VALUES(2,61,25,'L-V 8:00AM-10:40AM',2789456,02);
INSERT INTO Grupo VALUES(2,62,25,'L-V 8:00AM-10:40AM',2789456,02);
INSERT INTO Grupo VALUES(2,64,25,'L-V 8:00AM-10:40AM',1763589,02);
INSERT INTO Grupo VALUES(2,65,25,'L-V 8:00AM-10:40AM',1763589,02);
INSERT INTO Grupo VALUES(2,70,25,'L-V 8:00AM-10:40AM',6543789,02);
INSERT INTO Grupo VALUES(2,71,25,'L-V 8:00AM-10:40AM',6543789,01);
INSERT INTO Grupo VALUES(2,73,25,'L-V 8:00AM-10:40AM',7648903,01);
INSERT INTO Grupo VALUES(2,74,25,'L-V 8:00AM-10:40AM',7648903,01);
INSERT INTO Grupo VALUES(2,75,25,'L-V 8:00AM-10:40AM',2789456,01);
INSERT INTO Grupo VALUES(2,76,25,'L-V 8:00AM-10:40AM',2789456,01);
INSERT INTO Grupo VALUES(2,77,25,'L-V 8:00AM-10:40AM',7648903,02);
INSERT INTO Grupo VALUES(2,78,25,'L-V 8:00AM-10:40AM',7648903,02);
INSERT INTO Grupo VALUES(2,78,25,'L-V 8:00AM-10:40AM',7648903,02);
INSERT INTO Grupo VALUES(2,79,25,'L-V 8:00AM-10:40AM',7648903,02);
INSERT INTO Grupo VALUES(2,80,25,'L-V 8:00AM-10:40AM',7648903,02);
INSERT INTO Grupo VALUES(2,81,25,'L-V 8:00AM-10:40AM',7648903,02);
INSERT INTO Grupo VALUES(2,82,25,'L-V 8:00AM-10:40AM',7648903,01);
INSERT INTO Grupo VALUES(2,83,25,'L-V 8:00AM-10:40AM',2789456,01);
INSERT INTO Grupo VALUES(2,84,25,'L-V 8:00AM-10:40AM',2789456,01);
INSERT INTO Grupo VALUES(2,85,25,'L-V 8:00AM-10:40AM',2789456,01);
INSERT INTO Grupo VALUES(2,86,25,'L-V 8:00AM-10:40AM',2789456,01);
INSERT INTO Grupo VALUES(2,87,25,'L-V 8:00AM-10:40AM',2789456,02);
INSERT INTO Grupo VALUES(2,88,25,'L-V 8:00AM-10:40AM',1763589,02);
INSERT INTO Grupo VALUES(2,89,25,'L-V 8:00AM-10:40AM',1763589,02);
INSERT INTO Grupo VALUES(2,90,25,'L-V 8:00AM-10:40AM',1763589,02);
INSERT INTO Grupo VALUES(2,91,25,'L-V 8:00AM-10:40AM',1763589,02);
INSERT INTO Grupo VALUES(2,92,25,'L-V 8:00AM-10:40AM',1763589,01);
INSERT INTO Grupo VALUES(2,93,25,'L-V 8:00AM-10:40AM',6543789,01);
INSERT INTO Grupo VALUES(2,94,25,'L-V 8:00AM-10:40AM',6543789,01);
INSERT INTO Grupo VALUES(2,95,25,'L-V 8:00AM-10:40AM',6543789,01);
INSERT INTO Grupo VALUES(2,96,25,'L-V 8:00AM-10:40AM',6543789,01);
INSERT INTO Grupo VALUES(2,97,25,'L-V 8:00AM-10:40AM',6543789,02);
INSERT INTO Grupo VALUES(2,98,25,'L-V 8:00AM-10:40AM',6543789,02);
INSERT INTO Grupo VALUES(3,1,25,'L-V 8:00AM-10:40AM',1763589,01);
INSERT INTO Grupo VALUES(3,2,25,'L-V 8:00AM-10:40AM',1763589,01);
INSERT INTO Grupo VALUES(3,3,25,'L-V 8:00AM-10:40AM',1763589,01);
INSERT INTO Grupo VALUES(3,4,25,'L-V 8:00AM-10:40AM',1763589,01);
INSERT INTO Grupo VALUES(3,5,25,'L-V 8:00AM-10:40AM',1763589,01);
INSERT INTO Grupo VALUES(3,6,25,'L-V 8:00AM-10:40AM',1763589,02);
INSERT INTO Grupo VALUES(3,7,25,'L-V 8:00AM-10:40AM',1763589,02);
INSERT INTO Grupo VALUES(3,8,25,'L-V 8:00AM-10:40AM',6543789,02);
INSERT INTO Grupo VALUES(3,9,25,'L-V 8:00AM-10:40AM',6543789,02);
INSERT INTO Grupo VALUES(3,10,25,'L-V 8:00AM-10:40AM',6543789,02);
INSERT INTO Grupo VALUES(3,20,25,'L-V 8:00AM-10:40AM',6543789,01);
INSERT INTO Grupo VALUES(3,20,25,'L-V 8:00AM-10:40AM',6543789,01);
INSERT INTO Grupo VALUES(3,21,25,'L-V 8:00AM-10:40AM',6543789,01);
INSERT INTO Grupo VALUES(3,22,25,'L-V 8:00AM-10:40AM',6543789,01);
INSERT INTO Grupo VALUES(3,23,25,'L-V 8:00AM-10:40AM',6543789,01);
INSERT INTO Grupo VALUES(3,24,25,'L-V 8:00AM-10:40AM',6543789,01);
INSERT INTO Grupo VALUES(3,25,25,'L-V 8:00AM-10:40AM',6543789,02);
INSERT INTO Grupo VALUES(3,30,25,'L-V 8:00AM-10:40AM',7648903,02);
INSERT INTO Grupo VALUES(3,31,25,'L-V 8:00AM-10:40AM',7648903,02);
INSERT INTO Grupo VALUES(3,32,25,'L-V 8:00AM-10:40AM',7648903,02);
INSERT INTO Grupo VALUES(3,33,25,'L-V 8:00AM-10:40AM',7648903,02);
INSERT INTO Grupo VALUES(3,34,25,'L-V 8:00AM-10:40AM',7648903,01);
INSERT INTO Grupo VALUES(3,35,25,'L-V 8:00AM-10:40AM',7648903,01);
INSERT INTO Grupo VALUES(3,40,25,'L-V 8:00AM-10:40AM',7648903,01);
INSERT INTO Grupo VALUES(3,41,25,'L-V 8:00AM-10:40AM',7648903,01);
INSERT INTO Grupo VALUES(3,42,25,'L-V 8:00AM-10:40AM',7648903,01);
INSERT INTO Grupo VALUES(3,43,25,'L-V 8:00AM-10:40AM',7648903,02);
INSERT INTO Grupo VALUES(3,44,25,'L-V 8:00AM-10:40AM',7648903,02);
INSERT INTO Grupo VALUES(3,45,25,'L-V 8:00AM-10:40AM',7648903,02);
INSERT INTO Grupo VALUES(3,50,25,'L-V 8:00AM-10:40AM',7648903,02);
INSERT INTO Grupo VALUES(3,51,25,'L-V 8:00AM-10:40AM',2789456,02);
INSERT INTO Grupo VALUES(3,51,25,'L-V 8:00AM-10:40AM',2789456,02);
INSERT INTO Grupo VALUES(3,52,25,'L-V 8:00AM-10:40AM',2789456,01);
INSERT INTO Grupo VALUES(3,53,25,'L-V 8:00AM-10:40AM',2789456,01);
INSERT INTO Grupo VALUES(3,54,25,'L-V 8:00AM-10:40AM',2789456,01);
INSERT INTO Grupo VALUES(3,55,25,'L-V 8:00AM-10:40AM',2789456,01);
INSERT INTO Grupo VALUES(3,60,25,'L-V 8:00AM-10:40AM',2789456,01);
INSERT INTO Grupo VALUES(3,61,25,'L-V 8:00AM-10:40AM',2789456,02);
INSERT INTO Grupo VALUES(3,62,25,'L-V 8:00AM-10:40AM',2789456,02);
INSERT INTO Grupo VALUES(3,64,25,'L-V 8:00AM-10:40AM',1763589,02);
INSERT INTO Grupo VALUES(3,65,25,'L-V 8:00AM-10:40AM',1763589,02);
INSERT INTO Grupo VALUES(3,70,25,'L-V 8:00AM-10:40AM',6543789,02);
INSERT INTO Grupo VALUES(3,71,25,'L-V 8:00AM-10:40AM',6543789,01);
INSERT INTO Grupo VALUES(3,73,25,'L-V 8:00AM-10:40AM',7648903,01);
INSERT INTO Grupo VALUES(3,74,25,'L-V 8:00AM-10:40AM',7648903,01);
INSERT INTO Grupo VALUES(3,75,25,'L-V 8:00AM-10:40AM',2789456,01);
INSERT INTO Grupo VALUES(3,76,25,'L-V 8:00AM-10:40AM',2789456,01);
INSERT INTO Grupo VALUES(3,77,25,'L-V 8:00AM-10:40AM',7648903,02);
INSERT INTO Grupo VALUES(3,78,25,'L-V 8:00AM-10:40AM',7648903,02);
INSERT INTO Grupo VALUES(3,78,25,'L-V 8:00AM-10:40AM',7648903,02);
INSERT INTO Grupo VALUES(3,79,25,'L-V 8:00AM-10:40AM',7648903,02);
INSERT INTO Grupo VALUES(3,80,25,'L-V 8:00AM-10:40AM',7648903,02);
INSERT INTO Grupo VALUES(3,81,25,'L-V 8:00AM-10:40AM',7648903,02);
INSERT INTO Grupo VALUES(3,82,25,'L-V 8:00AM-10:40AM',7648903,01);
INSERT INTO Grupo VALUES(3,83,25,'L-V 8:00AM-10:40AM',2789456,01);
INSERT INTO Grupo VALUES(3,84,25,'L-V 8:00AM-10:40AM',2789456,01);
INSERT INTO Grupo VALUES(3,85,25,'L-V 8:00AM-10:40AM',2789456,01);
INSERT INTO Grupo VALUES(3,86,25,'L-V 8:00AM-10:40AM',2789456,01);
INSERT INTO Grupo VALUES(3,87,25,'L-V 8:00AM-10:40AM',2789456,02);
INSERT INTO Grupo VALUES(3,88,25,'L-V 8:00AM-10:40AM',1763589,02);
INSERT INTO Grupo VALUES(3,89,25,'L-V 8:00AM-10:40AM',1763589,02);
INSERT INTO Grupo VALUES(3,90,25,'L-V 8:00AM-10:40AM',1763589,02);
INSERT INTO Grupo VALUES(3,91,25,'L-V 8:00AM-10:40AM',1763589,02);
INSERT INTO Grupo VALUES(3,92,25,'L-V 8:00AM-10:40AM',1763589,01);
INSERT INTO Grupo VALUES(3,93,25,'L-V 8:00AM-10:40AM',6543789,01);
INSERT INTO Grupo VALUES(3,94,25,'L-V 8:00AM-10:40AM',6543789,01);
INSERT INTO Grupo VALUES(3,95,25,'L-V 8:00AM-10:40AM',6543789,01);
INSERT INTO Grupo VALUES(3,96,25,'L-V 8:00AM-10:40AM',6543789,01);
INSERT INTO Grupo VALUES(3,97,25,'L-V 8:00AM-10:40AM',6543789,02);
INSERT INTO Grupo VALUES(3,98,25,'L-V 8:00AM-10:40AM',6543789,02);
INSERT INTO Grupo VALUES(4,1,25,'L-V 8:00AM-10:40AM',1763589,01);
INSERT INTO Grupo VALUES(4,2,25,'L-V 8:00AM-10:40AM',1763589,01);
INSERT INTO Grupo VALUES(4,3,25,'L-V 8:00AM-10:40AM',1763589,01);
INSERT INTO Grupo VALUES(4,4,25,'L-V 8:00AM-10:40AM',1763589,01);
INSERT INTO Grupo VALUES(4,5,25,'L-V 8:00AM-10:40AM',1763589,01);
INSERT INTO Grupo VALUES(4,6,25,'L-V 8:00AM-10:40AM',1763589,02);
INSERT INTO Grupo VALUES(4,7,25,'L-V 8:00AM-10:40AM',1763589,02);
INSERT INTO Grupo VALUES(4,8,25,'L-V 8:00AM-10:40AM',6543789,02);
INSERT INTO Grupo VALUES(4,9,25,'L-V 8:00AM-10:40AM',6543789,02);
INSERT INTO Grupo VALUES(4,10,25,'L-V 8:00AM-10:40AM',6543789,02);
INSERT INTO Grupo VALUES(4,20,25,'L-V 8:00AM-10:40AM',6543789,01);
INSERT INTO Grupo VALUES(4,20,25,'L-V 8:00AM-10:40AM',6543789,01);
INSERT INTO Grupo VALUES(4,21,25,'L-V 8:00AM-10:40AM',6543789,01);
INSERT INTO Grupo VALUES(4,22,25,'L-V 8:00AM-10:40AM',6543789,01);
INSERT INTO Grupo VALUES(4,23,25,'L-V 8:00AM-10:40AM',6543789,01);
INSERT INTO Grupo VALUES(4,24,25,'L-V 8:00AM-10:40AM',6543789,01);
INSERT INTO Grupo VALUES(4,25,25,'L-V 8:00AM-10:40AM',6543789,02);
INSERT INTO Grupo VALUES(4,30,25,'L-V 8:00AM-10:40AM',7648903,02);
INSERT INTO Grupo VALUES(4,31,25,'L-V 8:00AM-10:40AM',7648903,02);
INSERT INTO Grupo VALUES(4,32,25,'L-V 8:00AM-10:40AM',7648903,02);
INSERT INTO Grupo VALUES(4,33,25,'L-V 8:00AM-10:40AM',7648903,02);
INSERT INTO Grupo VALUES(4,34,25,'L-V 8:00AM-10:40AM',7648903,01);
INSERT INTO Grupo VALUES(4,35,25,'L-V 8:00AM-10:40AM',7648903,01);
INSERT INTO Grupo VALUES(4,40,25,'L-V 8:00AM-10:40AM',7648903,01);
INSERT INTO Grupo VALUES(4,41,25,'L-V 8:00AM-10:40AM',7648903,01);
INSERT INTO Grupo VALUES(4,42,25,'L-V 8:00AM-10:40AM',7648903,01);
INSERT INTO Grupo VALUES(4,43,25,'L-V 8:00AM-10:40AM',7648903,02);
INSERT INTO Grupo VALUES(4,44,25,'L-V 8:00AM-10:40AM',7648903,02);
INSERT INTO Grupo VALUES(4,45,25,'L-V 8:00AM-10:40AM',7648903,02);
INSERT INTO Grupo VALUES(4,50,25,'L-V 8:00AM-10:40AM',7648903,02);
INSERT INTO Grupo VALUES(4,51,25,'L-V 8:00AM-10:40AM',2789456,02);
INSERT INTO Grupo VALUES(4,51,25,'L-V 8:00AM-10:40AM',2789456,02);
INSERT INTO Grupo VALUES(4,52,25,'L-V 8:00AM-10:40AM',2789456,01);
INSERT INTO Grupo VALUES(4,53,25,'L-V 8:00AM-10:40AM',2789456,01);
INSERT INTO Grupo VALUES(4,54,25,'L-V 8:00AM-10:40AM',2789456,01);
INSERT INTO Grupo VALUES(4,55,25,'L-V 8:00AM-10:40AM',2789456,01);
INSERT INTO Grupo VALUES(4,60,25,'L-V 8:00AM-10:40AM',2789456,01);
INSERT INTO Grupo VALUES(4,61,25,'L-V 8:00AM-10:40AM',2789456,02);
INSERT INTO Grupo VALUES(4,62,25,'L-V 8:00AM-10:40AM',2789456,02);
INSERT INTO Grupo VALUES(4,64,25,'L-V 8:00AM-10:40AM',1763589,02);
INSERT INTO Grupo VALUES(4,65,25,'L-V 8:00AM-10:40AM',1763589,02);
INSERT INTO Grupo VALUES(4,70,25,'L-V 8:00AM-10:40AM',6543789,02);
INSERT INTO Grupo VALUES(4,71,25,'L-V 8:00AM-10:40AM',6543789,01);
INSERT INTO Grupo VALUES(4,73,25,'L-V 8:00AM-10:40AM',7648903,01);
INSERT INTO Grupo VALUES(4,74,25,'L-V 8:00AM-10:40AM',7648903,01);
INSERT INTO Grupo VALUES(4,75,25,'L-V 8:00AM-10:40AM',2789456,01);
INSERT INTO Grupo VALUES(4,76,25,'L-V 8:00AM-10:40AM',2789456,01);
INSERT INTO Grupo VALUES(4,77,25,'L-V 8:00AM-10:40AM',7648903,02);
INSERT INTO Grupo VALUES(4,78,25,'L-V 8:00AM-10:40AM',7648903,02);
INSERT INTO Grupo VALUES(4,78,25,'L-V 8:00AM-10:40AM',7648903,02);
INSERT INTO Grupo VALUES(4,79,25,'L-V 8:00AM-10:40AM',7648903,02);
INSERT INTO Grupo VALUES(4,80,25,'L-V 8:00AM-10:40AM',7648903,02);
INSERT INTO Grupo VALUES(4,81,25,'L-V 8:00AM-10:40AM',7648903,02);
INSERT INTO Grupo VALUES(4,82,25,'L-V 8:00AM-10:40AM',7648903,01);
INSERT INTO Grupo VALUES(4,83,25,'L-V 8:00AM-10:40AM',2789456,01);
INSERT INTO Grupo VALUES(4,84,25,'L-V 8:00AM-10:40AM',2789456,01);
INSERT INTO Grupo VALUES(4,85,25,'L-V 8:00AM-10:40AM',2789456,01);
INSERT INTO Grupo VALUES(4,86,25,'L-V 8:00AM-10:40AM',2789456,01);
INSERT INTO Grupo VALUES(4,87,25,'L-V 8:00AM-10:40AM',2789456,02);
INSERT INTO Grupo VALUES(4,88,25,'L-V 8:00AM-10:40AM',1763589,02);
INSERT INTO Grupo VALUES(4,89,25,'L-V 8:00AM-10:40AM',1763589,02);
INSERT INTO Grupo VALUES(4,90,25,'L-V 8:00AM-10:40AM',1763589,02);
INSERT INTO Grupo VALUES(4,91,25,'L-V 8:00AM-10:40AM',1763589,02);
INSERT INTO Grupo VALUES(4,92,25,'L-V 8:00AM-10:40AM',1763589,01);
INSERT INTO Grupo VALUES(4,93,25,'L-V 8:00AM-10:40AM',6543789,01);
INSERT INTO Grupo VALUES(4,94,25,'L-V 8:00AM-10:40AM',6543789,01);
INSERT INTO Grupo VALUES(4,95,25,'L-V 8:00AM-10:40AM',6543789,01);
INSERT INTO Grupo VALUES(4,96,25,'L-V 8:00AM-10:40AM',6543789,01);
INSERT INTO Grupo VALUES(4,97,25,'L-V 8:00AM-10:40AM',6543789,02);
INSERT INTO Grupo VALUES(4,98,25,'L-V 8:00AM-10:40AM',6543789,02);
INSERT INTO Grupo VALUES(5,1,25,'L-V 8:00AM-10:40AM',1763589,01);
INSERT INTO Grupo VALUES(5,2,25,'L-V 8:00AM-10:40AM',1763589,01);
INSERT INTO Grupo VALUES(5,3,25,'L-V 8:00AM-10:40AM',1763589,01);
INSERT INTO Grupo VALUES(5,4,25,'L-V 8:00AM-10:40AM',1763589,01);
INSERT INTO Grupo VALUES(5,5,25,'L-V 8:00AM-10:40AM',1763589,01);
INSERT INTO Grupo VALUES(5,6,25,'L-V 8:00AM-10:40AM',1763589,02);
INSERT INTO Grupo VALUES(5,7,25,'L-V 8:00AM-10:40AM',1763589,02);
INSERT INTO Grupo VALUES(5,8,25,'L-V 8:00AM-10:40AM',6543789,02);
INSERT INTO Grupo VALUES(5,9,25,'L-V 8:00AM-10:40AM',6543789,02);
INSERT INTO Grupo VALUES(5,10,25,'L-V 8:00AM-10:40AM',6543789,02);
INSERT INTO Grupo VALUES(5,20,25,'L-V 8:00AM-10:40AM',6543789,01);
INSERT INTO Grupo VALUES(5,20,25,'L-V 8:00AM-10:40AM',6543789,01);
INSERT INTO Grupo VALUES(5,21,25,'L-V 8:00AM-10:40AM',6543789,01);
INSERT INTO Grupo VALUES(5,22,25,'L-V 8:00AM-10:40AM',6543789,01);
INSERT INTO Grupo VALUES(5,23,25,'L-V 8:00AM-10:40AM',6543789,01);
INSERT INTO Grupo VALUES(5,24,25,'L-V 8:00AM-10:40AM',6543789,01);
INSERT INTO Grupo VALUES(5,25,25,'L-V 8:00AM-10:40AM',6543789,02);
INSERT INTO Grupo VALUES(5,30,25,'L-V 8:00AM-10:40AM',7648903,02);
INSERT INTO Grupo VALUES(5,31,25,'L-V 8:00AM-10:40AM',7648903,02);
INSERT INTO Grupo VALUES(5,32,25,'L-V 8:00AM-10:40AM',7648903,02);
INSERT INTO Grupo VALUES(5,33,25,'L-V 8:00AM-10:40AM',7648903,02);
INSERT INTO Grupo VALUES(5,34,25,'L-V 8:00AM-10:40AM',7648903,01);
INSERT INTO Grupo VALUES(5,35,25,'L-V 8:00AM-10:40AM',7648903,01);
INSERT INTO Grupo VALUES(5,40,25,'L-V 8:00AM-10:40AM',7648903,01);
INSERT INTO Grupo VALUES(5,41,25,'L-V 8:00AM-10:40AM',7648903,01);
INSERT INTO Grupo VALUES(5,42,25,'L-V 8:00AM-10:40AM',7648903,01);
INSERT INTO Grupo VALUES(5,43,25,'L-V 8:00AM-10:40AM',7648903,02);
INSERT INTO Grupo VALUES(5,44,25,'L-V 8:00AM-10:40AM',7648903,02);
INSERT INTO Grupo VALUES(5,45,25,'L-V 8:00AM-10:40AM',7648903,02);
INSERT INTO Grupo VALUES(5,50,25,'L-V 8:00AM-10:40AM',7648903,02);
INSERT INTO Grupo VALUES(5,51,25,'L-V 8:00AM-10:40AM',2789456,02);
INSERT INTO Grupo VALUES(5,51,25,'L-V 8:00AM-10:40AM',2789456,02);
INSERT INTO Grupo VALUES(5,52,25,'L-V 8:00AM-10:40AM',2789456,01);
INSERT INTO Grupo VALUES(5,53,25,'L-V 8:00AM-10:40AM',2789456,01);
INSERT INTO Grupo VALUES(5,54,25,'L-V 8:00AM-10:40AM',2789456,01);
INSERT INTO Grupo VALUES(5,55,25,'L-V 8:00AM-10:40AM',2789456,01);
INSERT INTO Grupo VALUES(5,60,25,'L-V 8:00AM-10:40AM',2789456,01);
INSERT INTO Grupo VALUES(5,61,25,'L-V 8:00AM-10:40AM',2789456,02);
INSERT INTO Grupo VALUES(5,62,25,'L-V 8:00AM-10:40AM',2789456,02);
INSERT INTO Grupo VALUES(5,64,25,'L-V 8:00AM-10:40AM',1763589,02);
INSERT INTO Grupo VALUES(5,65,25,'L-V 8:00AM-10:40AM',1763589,02);
INSERT INTO Grupo VALUES(5,70,25,'L-V 8:00AM-10:40AM',6543789,02);
INSERT INTO Grupo VALUES(5,71,25,'L-V 8:00AM-10:40AM',6543789,01);
INSERT INTO Grupo VALUES(5,73,25,'L-V 8:00AM-10:40AM',7648903,01);
INSERT INTO Grupo VALUES(5,74,25,'L-V 8:00AM-10:40AM',7648903,01);
INSERT INTO Grupo VALUES(5,75,25,'L-V 8:00AM-10:40AM',2789456,01);
INSERT INTO Grupo VALUES(5,76,25,'L-V 8:00AM-10:40AM',2789456,01);
INSERT INTO Grupo VALUES(5,77,25,'L-V 8:00AM-10:40AM',7648903,02);
INSERT INTO Grupo VALUES(5,78,25,'L-V 8:00AM-10:40AM',7648903,02);
INSERT INTO Grupo VALUES(5,78,25,'L-V 8:00AM-10:40AM',7648903,02);
INSERT INTO Grupo VALUES(5,79,25,'L-V 8:00AM-10:40AM',7648903,02);
INSERT INTO Grupo VALUES(5,80,25,'L-V 8:00AM-10:40AM',7648903,02);
INSERT INTO Grupo VALUES(5,81,25,'L-V 8:00AM-10:40AM',7648903,02);
INSERT INTO Grupo VALUES(5,82,25,'L-V 8:00AM-10:40AM',7648903,01);
INSERT INTO Grupo VALUES(5,83,25,'L-V 8:00AM-10:40AM',2789456,01);
INSERT INTO Grupo VALUES(5,84,25,'L-V 8:00AM-10:40AM',2789456,01);
INSERT INTO Grupo VALUES(5,85,25,'L-V 8:00AM-10:40AM',2789456,01);
INSERT INTO Grupo VALUES(5,86,25,'L-V 8:00AM-10:40AM',2789456,01);
INSERT INTO Grupo VALUES(5,87,25,'L-V 8:00AM-10:40AM',2789456,02);
INSERT INTO Grupo VALUES(5,88,25,'L-V 8:00AM-10:40AM',1763589,02);
INSERT INTO Grupo VALUES(5,89,25,'L-V 8:00AM-10:40AM',1763589,02);
INSERT INTO Grupo VALUES(5,90,25,'L-V 8:00AM-10:40AM',1763589,02);
INSERT INTO Grupo VALUES(5,91,25,'L-V 8:00AM-10:40AM',1763589,02);
INSERT INTO Grupo VALUES(5,92,25,'L-V 8:00AM-10:40AM',1763589,01);
INSERT INTO Grupo VALUES(5,93,25,'L-V 8:00AM-10:40AM',6543789,01);
INSERT INTO Grupo VALUES(5,94,25,'L-V 8:00AM-10:40AM',6543789,01);
INSERT INTO Grupo VALUES(5,95,25,'L-V 8:00AM-10:40AM',6543789,01);
INSERT INTO Grupo VALUES(5,96,25,'L-V 8:00AM-10:40AM',6543789,01);
INSERT INTO Grupo VALUES(5,97,25,'L-V 8:00AM-10:40AM',6543789,02);
INSERT INTO Grupo VALUES(5,98,25,'L-V 8:00AM-10:40AM',6543789,02);


INSERT INTO Matricula VALUES(4678936,2,59,1,01);
INSERT INTO Matricula VALUES(4678936,2,60,1,01);
INSERT INTO Matricula VALUES(4678936,2,62,1,01);
INSERT INTO Matricula VALUES(4678936,2,63,1,01);
INSERT INTO Matricula VALUES(4678936,2,65,1,01);

INSERT INTO Matricula VALUES(8362398,2,61,1,01);
INSERT INTO Matricula VALUES(8362398,2,66,1,01);
INSERT INTO Matricula VALUES(8362398,2,62,1,01);
INSERT INTO Matricula VALUES(8362398,2,63,1,01);
INSERT INTO Matricula VALUES(8362398,2,65,1,01);

INSERT INTO Matricula VALUES(9859859,2,71,1,01);
INSERT INTO Matricula VALUES(9859859,2,72,1,01);
INSERT INTO Matricula VALUES(9859859,2,73,1,01);
INSERT INTO Matricula VALUES(9859859,2,74,1,01);
INSERT INTO Matricula VALUES(9859859,2,75,1,01);

INSERT INTO Matricula VALUES(4564665,2,80,1,01);
INSERT INTO Matricula VALUES(4564665,2,81,1,01);
INSERT INTO Matricula VALUES(4564665,2,82,1,01);
INSERT INTO Matricula VALUES(4564665,2,83,1,01);
INSERT INTO Matricula VALUES(4564665,2,85,1,01);

INSERT INTO Matricula VALUES(4465656,2,89,1,01);
INSERT INTO Matricula VALUES(4465656,2,90,1,01);
INSERT INTO Matricula VALUES(4465656,2,85,1,01);
INSERT INTO Matricula VALUES(4465656,2,82,1,01);
INSERT INTO Matricula VALUES(4465656,2,80,1,01);

INSERT INTO Matricula VALUES(5675656,1,1,1,01);
INSERT INTO Matricula VALUES(5675656,1,2,1,01);
INSERT INTO Matricula VALUES(5675656,1,3,1,01);
INSERT INTO Matricula VALUES(5675656,1,4,1,01);
INSERT INTO Matricula VALUES(5675656,1,5,1,01);

INSERT INTO Matricula VALUES(9879586,1,11,1,01);
INSERT INTO Matricula VALUES(9879586,1,12,1,01);
INSERT INTO Matricula VALUES(9879586,1,13,1,01);
INSERT INTO Matricula VALUES(9879586,1,14,1,01);
INSERT INTO Matricula VALUES(9879586,1,15,1,01);

INSERT INTO Matricula VALUES(4546956,1,21,1,01);
INSERT INTO Matricula VALUES(4546956,1,22,1,01);
INSERT INTO Matricula VALUES(4546956,1,23,1,01);
INSERT INTO Matricula VALUES(4546956,1,24,1,01);
INSERT INTO Matricula VALUES(4546956,1,25,1,01);

INSERT INTO Matricula VALUES(4666666,1,31,1,01);
INSERT INTO Matricula VALUES(4666666,1,26,1,01);
INSERT INTO Matricula VALUES(4666666,1,27,1,01);
INSERT INTO Matricula VALUES(4666666,1,32,1,01);
INSERT INTO Matricula VALUES(4666666,1,34,1,01);

INSERT INTO Matricula VALUES(8096809,1,41,1,01);
INSERT INTO Matricula VALUES(8096809,1,42,1,01);
INSERT INTO Matricula VALUES(8096809,1,39,1,01);
INSERT INTO Matricula VALUES(8096809,1,36,1,01);
INSERT INTO Matricula VALUES(8096809,1,34,1,01);

INSERT INTO Matricula VALUES(8459867,3,99,1,01);
INSERT INTO Matricula VALUES(8459867,3,98,1,01);
INSERT INTO Matricula VALUES(8459867,3,96,1,01);
INSERT INTO Matricula VALUES(8459867,3,95,1,01);
INSERT INTO Matricula VALUES(8459867,3,94,1,01);

INSERT INTO Matricula VALUES(4564645,3,109,1,01);
INSERT INTO Matricula VALUES(4564645,3,108,1,01);
INSERT INTO Matricula VALUES(4564645,3,107,1,01);
INSERT INTO Matricula VALUES(4564645,3,106,1,01);
INSERT INTO Matricula VALUES(4564645,3,105,1,01);

INSERT INTO Matricula VALUES(6456456,3,100,1,01);
INSERT INTO Matricula VALUES(6456456,3,101,1,01);
INSERT INTO Matricula VALUES(6456456,3,102,1,01);
INSERT INTO Matricula VALUES(6456456,3,103,1,01);
INSERT INTO Matricula VALUES(6456456,3,104,1,01);

INSERT INTO Matricula VALUES(3534535,3,110,1,01);
INSERT INTO Matricula VALUES(3534535,3,108,1,01);
INSERT INTO Matricula VALUES(3534535,3,106,1,01);
INSERT INTO Matricula VALUES(3534535,3,111,1,01);
INSERT INTO Matricula VALUES(3534535,3,109,1,01);

INSERT INTO Matricula VALUES(6757576,3,100,1,01);
INSERT INTO Matricula VALUES(6757576,3,101,1,01);
INSERT INTO Matricula VALUES(6757576,3,102,1,01);
INSERT INTO Matricula VALUES(6757576,3,103,1,01);
INSERT INTO Matricula VALUES(6757576,3,105,1,01);

--INSERT INTO Matricula VALUES(4343453,2,51,1,02);


INSERT INTO Inscripcion VALUES(4678936,2);
INSERT INTO Inscripcion VALUES(8362398,2);
INSERT INTO Inscripcion VALUES(9859859,2);
INSERT INTO Inscripcion VALUES(4564665,2);
INSERT INTO Inscripcion VALUES(4465656,2);
INSERT INTO Inscripcion VALUES(5675656,2);
INSERT INTO Inscripcion VALUES(9879586,2);
INSERT INTO Inscripcion VALUES(4546956,2);
INSERT INTO Inscripcion VALUES(4666666,1);
INSERT INTO Inscripcion VALUES(8096809,3);
INSERT INTO Inscripcion VALUES(8459867,3);
INSERT INTO Inscripcion VALUES(4564645,3);
INSERT INTO Inscripcion VALUES(6456456,3);
INSERT INTO Inscripcion VALUES(3534535,3);
INSERT INTO Inscripcion VALUES(6757576,1);
INSERT INTO Inscripcion VALUES(4343453,2);

----Pruebas -----4343453
--INSERT INTO Matricula VALUES(4343453,2,51,500,03);


-- Admin
INSERT INTO Administrador Values (207680641,'Estefany Hernandez Arce');
INSERT INTO Usuario values (207680641,'admin','Administrador');

INSERT INTO Administrador Values (116360595,'Roger Amador Villagra');
INSERT INTO Usuario values (116360595,'admin','Administrador');

commit;